{
"lengthUnit": "mil",
"components": {
	"fields": ["COMPONENT_NO", "COMPONENT_NAME", "LAYER", "X_COORDINATE", "Y_COORDINATE", "ANGLE"],
	"rows": [
		[1, "C8", "T", 415, 700, 0],
		[2, "C9", "T", -190, -390, 270],
		[3, "C12", "T", -235, -290, 0],
		[4, "C13", "T", 250, -235, 90],
		[5, "C14", "T", 290, 235, 180],
		[6, "C15", "T", -240, 235, 0],
		[7, "C16", "T", -235, -220, 0],
		[8, "C17", "T", 140, -375, 90],
		[9, "C20", "T", -205, 310, 0],
		[10, "C21", "T", 345, 100, 180],
		[11, "C40", "T", -130, -605, 90],
		[12, "C41", "T", 0, -815, 180],
		[13, "C42", "T", 70, -375, 270],
		[14, "C44", "B", 515, 300, 270],
		[15, "C46", "B", 0, 240, 180],
		[16, "C47", "B", 360, 305, 0],
		[17, "C48", "B", 260, -40, 90],
		[18, "C49", "B", 110, -120, 0],
		[19, "C51", "B", 40, -230, 0],
		[20, "C52", "T", 330, -550, 180],
		[21, "C53", "T", 410, 465, 0],
		[22, "C54", "B", 170, -230, 0],
		[23, "C55", "B", 340, -40, 270],
		[24, "C56", "T", -480, -605, 90],
		[25, "C63", "T", 0, -745, 180],
		[26, "C65", "B", -410, 820, 90],
		[27, "C66", "B", -315, 690, 90],
		[28, "C67", "B", -245, 690, 90],
		[29, "C68", "B", -165, 205, 180],
		[30, "C69", "T", -345, 600, 0],
		[31, "C71", "B", 150, 255, 180],
		[32, "CARD1", "B", 0, -545, 180],
		[33, "D1", "T", 275, 735, 270],
		[34, "D2", "B", 440, -125, 90],
		[35, "K1", "T", -984.25, 984.25, 0],
		[36, "K2", "T", 984.25, 984.25, 0],
		[37, "K3", "T", 984.25, -984.25, 0],
		[38, "K4", "T", -984.25, -984.25, 0],
		[39, "L1", "B", 356.78, 139.84, 0],
		[40, "LED1", "T", -515, 60, 180],
		[41, "LED2", "T", -515, 250, 180],
		[42, "LED3", "T", 415, 840, 180],
		[43, "Q1", "T", 175, -650, 90],
		[44, "Q2", "T", 445, 230, 90],
		[45, "R1", "B", 50, 770, 270],
		[46, "R2", "B", -70, 770, 90],
		[47, "R15", "T", 175, -550, 0],
		[48, "R20", "T", 345, 165, 180],
		[49, "R21", "B", 5, 175, 180],
		[50, "R22", "B", 5, 105, 0],
		[51, "R23", "B", 155, 35, 180],
		[52, "R24", "B", 5, 35, 180],
		[53, "R25", "T", 345, 35, 0],
		[54, "R26", "B", 155, -35, 180],
		[55, "R27", "B", 5, -35, 180],
		[56, "R28", "T", -335, 270, 270],
		[57, "R29", "T", 330, -485, 0],
		[58, "R30", "B", -25, 490, 90],
		[59, "R32", "T", 290, 370, 180],
		[60, "R33", "T", 290, 305, 0],
		[61, "R34", "B", -75, 490, 90],
		[62, "R35", "T", 175, -485, 0],
		[63, "R36", "B", 260, 575, 270],
		[64, "R37", "B", -450, 690, 90],
		[65, "R38", "B", -490, 820, 90],
		[66, "R39", "B", -280, 820, 270],
		[67, "R40", "T", -240, -640, 0],
		[68, "R41", "T", -240, -575, 0],
		[69, "R42", "T", -510, 125, 180],
		[70, "R43", "T", -510, 185, 180],
		[71, "R44", "T", 415, 770, 180],
		[72, "SW1", "T", 355, -660, 0],
		[73, "SW2", "T", -295, 450, 270],
		[74, "U5", "T", 0, -2.56, 0],
		[75, "U14", "B", 151.78, 139.84, 270],
		[76, "U31", "T", 410, 580, 90],
		[77, "U32", "B", 305, -180, 90],
		[78, "U33", "T", -385, -605, 0],
		[79, "U34", "T", 0, -615, 270],
		[80, "U35", "T", 0, -495, 0],
		[81, "U36", "B", -305, 395, 180],
		[82, "U37", "B", 610.24, 475, 270],
		[83, "U38", "B", 610.24, 75, 270],
		[84, "U39", "B", -606.3, 180, 90],
		[85, "U40", "B", 610.24, -325, 270],
		[86, "U41", "B", -606.3, -220, 90],
		[87, "U42", "B", -606.3, -620, 90],
		[88, "U43", "T", 685, 818.9, 270],
		[89, "U44", "T", -685, 818.9, 270],
		[90, "U45", "T", -510, -820, 270],
		[91, "U46", "T", 665, -830, 180],
		[92, "U47", "T", -660, 540, 0],
		[93, "U48", "T", -660, 435, 0],
		[94, "U49", "T", -660, 645, 0],
		[95, "U50", "T", 440, -820, 270],
		[96, "U51", "T", 345, -820, 270],
		[97, "U52", "T", 454.57, -211.3, 90],
		[98, "U53", "T", 0, 434.88, 180],
		[99, "U54", "T", -454.57, -211.3, 270],
		[100, "U56", "T", -669.29, -620, 0],
		[101, "U57", "T", 669.29, 475, 180],
		[102, "U58", "T", 669.29, 75, 180],
		[103, "U59", "T", -669.29, 180, 0],
		[104, "U60", "T", 669.29, -325, 180],
		[105, "U61", "T", -669.29, -220, 0],
		[106, "U62", "B", -606.3, 580, 90],
		[107, "U63", "B", 403.33, 817.72, 90],
		[108, "U65", "B", 280, 817.72, 90],
		[109, "U66", "T", 665, -580, 0],
		[110, "U68", "B", 650, 817.72, 90],
		[111, "U69", "B", 665, -830, 180],
		[112, "U70", "B", 665, -703.58, 0],
		[113, "U71", "T", -472.5, 818.9, 270],
		[114, "U72", "T", -260, 818.9, 270],
		[115, "U73", "B", 526.67, 817.72, 270],
		[116, "U74", "T", -366.25, 818.9, 270],
		[117, "U75", "T", -578.75, 818.9, 90],
		[118, "U76", "T", 578.74, 818.9, 90],
		[119, "U77", "T", 665, -705, 180],
		[120, "U78", "T", -405, -820, 90],
		[121, "USB2", "T", 0, 705, 180],
		[122, "X2", "B", -250, 85, 0],
		[123, "X3", "T", -55, -365, 0]
	]
},
"pins": {
	"fields": ["PIN_NO", "PIN_NAME", "PIN_X", "PIN_Y", "LAYER", "PIN_TYPE", "NET_NAME", "NET_TYPE", "PAD_SHAPE", "PAD_SIZEX", "PAD_SIZEY", "HOLE_SIZE", "PAD_ANGLE"],
	"rows": [
		[1, "C8_1", 387.44, 700, "T", "SMD", "GND", "GND", "R", 31.5, 35.43, 0, 0],
		[2, "C8_2", 442.56, 700, "T", "SMD", "5V", "", "R", 31.5, 35.43, 0, 0],
		[3, "C9_1", -190, -362.44, "T", "SMD", "GND", "GND", "R", 31.5, 35.43, 0, 270],
		[4, "C9_2", -190, -417.56, "T", "SMD", "OSCIN", "", "R", 31.5, 35.43, 0, 270],
		[5, "C12_1", -262.56, -290, "T", "SMD", "GND", "GND", "R", 31.5, 35.43, 0, 0],
		[6, "C12_2", -207.44, -290, "T", "SMD", "3V3_MCU", "", "R", 31.5, 35.43, 0, 0],
		[7, "C13_1", 250, -262.56, "T", "SMD", "GND", "GND", "R", 31.5, 35.43, 0, 90],
		[8, "C13_2", 250, -207.44, "T", "SMD", "3V3_MCU", "", "R", 31.5, 35.43, 0, 90],
		[9, "C14_1", 317.56, 235, "T", "SMD", "GND", "GND", "R", 31.5, 35.43, 0, 180],
		[10, "C14_2", 262.44, 235, "T", "SMD", "3V3_MCU", "", "R", 31.5, 35.43, 0, 180],
		[11, "C15_1", -267.56, 235, "T", "SMD", "GND", "GND", "R", 31.5, 35.43, 0, 0],
		[12, "C15_2", -212.44, 235, "T", "SMD", "3V3_MCU", "", "R", 31.5, 35.43, 0, 0],
		[13, "C16_1", -262.56, -220, "T", "SMD", "GND", "GND", "R", 31.5, 35.43, 0, 0],
		[14, "C16_2", -207.44, -220, "T", "SMD", "3V3_MCU", "", "R", 31.5, 35.43, 0, 0],
		[15, "C17_1", 140, -402.56, "T", "SMD", "GND", "GND", "R", 31.5, 35.43, 0, 90],
		[16, "C17_2", 140, -347.44, "T", "SMD", "3V3_MCU", "", "R", 31.5, 35.43, 0, 90],
		[17, "C20_1", -232.56, 310, "T", "SMD", "GND", "GND", "R", 31.5, 35.43, 0, 0],
		[18, "C20_2", -177.44, 310, "T", "SMD", "$1N4998", "", "R", 31.5, 35.43, 0, 0],
		[19, "C21_1", 372.56, 100, "T", "SMD", "GND", "GND", "R", 31.5, 35.43, 0, 180],
		[20, "C21_2", 317.44, 100, "T", "SMD", "$1N5004", "", "R", 31.5, 35.43, 0, 180],
		[21, "C40_1", -130, -632.56, "T", "SMD", "GND", "GND", "R", 31.5, 35.43, 0, 90],
		[22, "C40_2", -130, -577.44, "T", "SMD", "3V3_SENSOR", "", "R", 31.5, 35.43, 0, 90],
		[23, "C41_1", 27.56, -815, "T", "SMD", "GND", "GND", "R", 31.5, 35.43, 0, 180],
		[24, "C41_2", -27.56, -815, "T", "SMD", "3V3_SENSOR", "", "R", 31.5, 35.43, 0, 180],
		[25, "C42_1", 70, -347.44, "T", "SMD", "OSCOUT", "", "R", 31.5, 35.43, 0, 270],
		[26, "C42_2", 70, -402.56, "T", "SMD", "GND", "GND", "R", 31.5, 35.43, 0, 270],
		[27, "C44_1", 515, 327.56, "B", "SMD", "GND", "GND", "R", 31.5, 35.43, 0, 270],
		[28, "C44_2", 515, 272.44, "B", "SMD", "5V_USB", "", "R", 31.5, 35.43, 0, 270],
		[29, "C46_1", 27.56, 240, "B", "SMD", "DCDC_FB", "", "R", 31.5, 35.43, 0, 180],
		[30, "C46_2", -27.56, 240, "B", "SMD", "5V_USB", "", "R", 31.5, 35.43, 0, 180],
		[31, "C47_1", 297.3, 305, "B", "SMD", "GND", "GND", "R", 58.47, 68.03, 0, 0],
		[32, "C47_2", 422.7, 305, "B", "SMD", "5V_USB", "", "R", 58.47, 68.03, 0, 0],
		[33, "C48_1", 260, -67.56, "B", "SMD", "GND", "GND", "R", 31.5, 35.43, 0, 90],
		[34, "C48_2", 260, -12.44, "B", "SMD", "DCDC_VIN", "", "R", 31.5, 35.43, 0, 90],
		[35, "C49_1", 47.3, -120, "B", "SMD", "GND", "GND", "R", 58.47, 68.03, 0, 0],
		[36, "C49_2", 172.7, -120, "B", "SMD", "DCDC_VIN", "", "R", 58.47, 68.03, 0, 0],
		[37, "C51_1", 12.44, -230, "B", "SMD", "3V3_MCU", "", "R", 31.5, 35.43, 0, 0],
		[38, "C51_2", 67.56, -230, "B", "SMD", "GND", "GND", "R", 31.5, 35.43, 0, 0],
		[39, "C52_1", 357.56, -550, "T", "SMD", "NRST", "", "R", 31.5, 35.43, 0, 180],
		[40, "C52_2", 302.44, -550, "T", "SMD", "GND", "GND", "R", 31.5, 35.43, 0, 180],
		[41, "C53_1", 382.44, 465, "T", "SMD", "GND", "GND", "R", 31.5, 35.43, 0, 0],
		[42, "C53_2", 437.56, 465, "T", "SMD", "3V3_MCU", "", "R", 31.5, 35.43, 0, 0],
		[43, "C54_1", 142.44, -230, "B", "SMD", "GND", "GND", "R", 31.5, 35.43, 0, 0],
		[44, "C54_2", 197.56, -230, "B", "SMD", "3V3_SENSOR", "", "R", 31.5, 35.43, 0, 0],
		[45, "C55_1", 340, -12.44, "B", "SMD", "GND", "GND", "R", 31.5, 35.43, 0, 270],
		[46, "C55_2", 340, -67.56, "B", "SMD", "5V", "", "R", 31.5, 35.43, 0, 270],
		[47, "C56_1", -480, -632.56, "T", "SMD", "GND", "GND", "R", 31.5, 35.43, 0, 90],
		[48, "C56_2", -480, -577.44, "T", "SMD", "3V3_SENSOR", "", "R", 31.5, 35.43, 0, 90],
		[49, "C63_1", 27.56, -745, "T", "SMD", "GND", "GND", "R", 31.5, 35.43, 0, 180],
		[50, "C63_2", -27.56, -745, "T", "SMD", "3V3_SENSOR", "", "R", 31.5, 35.43, 0, 180],
		[51, "C65_1", -410, 792.44, "B", "SMD", "$1N13913", "", "R", 31.5, 35.43, 0, 90],
		[52, "C65_2", -410, 847.56, "B", "SMD", "VIDEO_IN", "", "R", 31.5, 35.43, 0, 90],
		[53, "C66_1", -315, 662.44, "B", "SMD", "$1N14086", "", "R", 31.5, 35.43, 0, 90],
		[54, "C66_2", -315, 717.56, "B", "SMD", "$1N14096", "", "R", 31.5, 35.43, 0, 90],
		[55, "C67_1", -245, 662.44, "B", "SMD", "$1N14090", "", "R", 31.5, 35.43, 0, 90],
		[56, "C67_2", -245, 717.56, "B", "SMD", "$1N14096", "", "R", 31.5, 35.43, 0, 90],
		[57, "C68_1", -137.44, 205, "B", "SMD", "GND", "GND", "R", 31.5, 35.43, 0, 180],
		[58, "C68_2", -192.56, 205, "B", "SMD", "3V3_SENSOR", "", "R", 31.5, 35.43, 0, 180],
		[59, "C69_1", -372.56, 600, "T", "SMD", "GND", "GND", "R", 31.5, 35.43, 0, 0],
		[60, "C69_2", -317.44, 600, "T", "SMD", "3V3_SENSOR", "", "R", 31.5, 35.43, 0, 0],
		[61, "C71_1", 177.56, 255, "B", "SMD", "$1N15233", "", "R", 31.5, 35.43, 0, 180],
		[62, "C71_2", 122.44, 255, "B", "SMD", "$1N15241", "", "R", 31.5, 35.43, 0, 180],
		[63, "CARD1_1", -90.58, -337.28, "B", "SMD", "CARD1_1", "", "R", 23.62, 51.18, 0, 180],
		[64, "CARD1_2", -47.27, -337.28, "B", "SMD", "PC1", "", "R", 23.62, 51.18, 0, 180],
		[65, "CARD1_3", -3.96, -337.28, "B", "SMD", "PB5", "", "R", 23.62, 51.18, 0, 180],
		[66, "CARD1_4", 39.34, -337.28, "B", "SMD", "3V3_MCU", "", "R", 23.62, 51.18, 0, 180],
		[67, "CARD1_5", 82.65, -337.28, "B", "SMD", "PB3", "", "R", 23.62, 51.18, 0, 180],
		[68, "CARD1_6", 125.96, -337.28, "B", "SMD", "GND", "GND", "R", 23.62, 51.18, 0, 180],
		[69, "CARD1_7", 169.27, -337.28, "B", "SMD", "PB4", "", "R", 23.62, 51.18, 0, 180],
		[70, "CARD1_8", 212.57, -337.28, "B", "SMD", "CARD1_8", "", "R", 23.62, 51.18, 0, 180],
		[71, "CARD1_9", 255.88, -337.28, "B", "SMD", "SD_DETECT", "", "R", 23.62, 51.18, 0, 180],
		[72, "CARD1_10", 299.19, -370.76, "B", "SMD", "GND", "GND", "R", 47.24, 55.12, 0, 180],
		[73, "CARD1_11", 305.51, -752.72, "B", "SMD", "GND", "GND", "R", 47.24, 78.74, 0, 180],
		[74, "CARD1_12", -305.51, -752.72, "B", "SMD", "GND", "GND", "R", 47.24, 78.74, 0, 180],
		[75, "CARD1_13", -278.77, -370.76, "B", "SMD", "GND", "GND", "R", 47.24, 55.12, 0, 180],
		[76, "D1_1", 275, 836, "T", "SMD", "5V", "", "R", 86.61, 66.93, 0, 270],
		[77, "D1_2", 275, 634, "T", "SMD", "5V_USB", "", "R", 86.61, 66.93, 0, 270],
		[78, "D2_1", 440, -226, "B", "SMD", "5V", "", "R", 86.61, 66.93, 0, 90],
		[79, "D2_2", 440, -24, "B", "SMD", "5V_USB", "", "R", 86.61, 66.93, 0, 90],
		[80, "K1_1", -1037.25, 1066.05, "T", "DIP", "GND", "GND", "C", 40, 40, 40.2, 300],
		[81, "K1_1", -1037.25, 1066.05, "B", "DIP", "GND", "GND", "C", 40, 40, 40.2, 300],
		[82, "K1_1", -931.25, 1066.05, "T", "DIP", "GND", "GND", "C", 40, 40, 40.2, 240],
		[83, "K1_1", -931.25, 1066.05, "B", "DIP", "GND", "GND", "C", 40, 40, 40.2, 240],
		[84, "K1_1", -884.25, 974.25, "T", "DIP", "GND", "GND", "C", 40, 40, 40.2, 180],
		[85, "K1_1", -884.25, 974.25, "B", "DIP", "GND", "GND", "C", 40, 40, 40.2, 180],
		[86, "K1_1", -939.25, 899.25, "T", "DIP", "GND", "GND", "C", 40, 40, 40.2, 120],
		[87, "K1_1", -939.25, 899.25, "B", "DIP", "GND", "GND", "C", 40, 40, 40.2, 120],
		[88, "K1_1", -1029.25, 899.25, "T", "DIP", "GND", "GND", "C", 40, 40, 40.2, 60],
		[89, "K1_1", -1029.25, 899.25, "B", "DIP", "GND", "GND", "C", 40, 40, 40.2, 60],
		[90, "K1_1", -1079.25, 979.25, "T", "DIP", "GND", "GND", "C", 40, 40, 40.2, 0],
		[91, "K1_1", -1079.25, 979.25, "B", "DIP", "GND", "GND", "C", 40, 40, 40.2, 0],
		[92, "K1_1", -984.25, 984.25, "T", "DIP", "GND", "GND", "C", 255.91, 255.91, 125.2, 0],
		[93, "K1_1", -984.25, 984.25, "B", "DIP", "GND", "GND", "C", 255.91, 255.91, 125.2, 0],
		[94, "K2_1", 931.25, 1066.05, "T", "DIP", "GND", "GND", "C", 40, 40, 40.2, 300],
		[95, "K2_1", 931.25, 1066.05, "B", "DIP", "GND", "GND", "C", 40, 40, 40.2, 300],
		[96, "K2_1", 1037.25, 1066.05, "T", "DIP", "GND", "GND", "C", 40, 40, 40.2, 240],
		[97, "K2_1", 1037.25, 1066.05, "B", "DIP", "GND", "GND", "C", 40, 40, 40.2, 240],
		[98, "K2_1", 1084.25, 974.25, "T", "DIP", "GND", "GND", "C", 40, 40, 40.2, 180],
		[99, "K2_1", 1084.25, 974.25, "B", "DIP", "GND", "GND", "C", 40, 40, 40.2, 180],
		[100, "K2_1", 1029.25, 899.25, "T", "DIP", "GND", "GND", "C", 40, 40, 40.2, 120],
		[101, "K2_1", 1029.25, 899.25, "B", "DIP", "GND", "GND", "C", 40, 40, 40.2, 120],
		[102, "K2_1", 939.25, 899.25, "T", "DIP", "GND", "GND", "C", 40, 40, 40.2, 60],
		[103, "K2_1", 939.25, 899.25, "B", "DIP", "GND", "GND", "C", 40, 40, 40.2, 60],
		[104, "K2_1", 889.25, 979.25, "T", "DIP", "GND", "GND", "C", 40, 40, 40.2, 0],
		[105, "K2_1", 889.25, 979.25, "B", "DIP", "GND", "GND", "C", 40, 40, 40.2, 0],
		[106, "K2_1", 984.25, 984.25, "T", "DIP", "GND", "GND", "C", 255.91, 255.91, 125.2, 0],
		[107, "K2_1", 984.25, 984.25, "B", "DIP", "GND", "GND", "C", 255.91, 255.91, 125.2, 0],
		[108, "K3_1", 931.25, -902.45, "T", "DIP", "GND", "GND", "C", 40, 40, 40.2, 300],
		[109, "K3_1", 931.25, -902.45, "B", "DIP", "GND", "GND", "C", 40, 40, 40.2, 300],
		[110, "K3_1", 1037.25, -902.45, "T", "DIP", "GND", "GND", "C", 40, 40, 40.2, 240],
		[111, "K3_1", 1037.25, -902.45, "B", "DIP", "GND", "GND", "C", 40, 40, 40.2, 240],
		[112, "K3_1", 1084.25, -994.25, "T", "DIP", "GND", "GND", "C", 40, 40, 40.2, 180],
		[113, "K3_1", 1084.25, -994.25, "B", "DIP", "GND", "GND", "C", 40, 40, 40.2, 180],
		[114, "K3_1", 1029.25, -1069.25, "T", "DIP", "GND", "GND", "C", 40, 40, 40.2, 120],
		[115, "K3_1", 1029.25, -1069.25, "B", "DIP", "GND", "GND", "C", 40, 40, 40.2, 120],
		[116, "K3_1", 939.25, -1069.25, "T", "DIP", "GND", "GND", "C", 40, 40, 40.2, 60],
		[117, "K3_1", 939.25, -1069.25, "B", "DIP", "GND", "GND", "C", 40, 40, 40.2, 60],
		[118, "K3_1", 889.25, -989.25, "T", "DIP", "GND", "GND", "C", 40, 40, 40.2, 0],
		[119, "K3_1", 889.25, -989.25, "B", "DIP", "GND", "GND", "C", 40, 40, 40.2, 0],
		[120, "K3_1", 984.25, -984.25, "T", "DIP", "GND", "GND", "C", 255.91, 255.91, 125.2, 0],
		[121, "K3_1", 984.25, -984.25, "B", "DIP", "GND", "GND", "C", 255.91, 255.91, 125.2, 0],
		[122, "K4_1", -1037.25, -902.45, "T", "DIP", "GND", "GND", "C", 40, 40, 40.2, 300],
		[123, "K4_1", -1037.25, -902.45, "B", "DIP", "GND", "GND", "C", 40, 40, 40.2, 300],
		[124, "K4_1", -931.25, -902.45, "T", "DIP", "GND", "GND", "C", 40, 40, 40.2, 240],
		[125, "K4_1", -931.25, -902.45, "B", "DIP", "GND", "GND", "C", 40, 40, 40.2, 240],
		[126, "K4_1", -884.25, -994.25, "T", "DIP", "GND", "GND", "C", 40, 40, 40.2, 180],
		[127, "K4_1", -884.25, -994.25, "B", "DIP", "GND", "GND", "C", 40, 40, 40.2, 180],
		[128, "K4_1", -939.25, -1069.25, "T", "DIP", "GND", "GND", "C", 40, 40, 40.2, 120],
		[129, "K4_1", -939.25, -1069.25, "B", "DIP", "GND", "GND", "C", 40, 40, 40.2, 120],
		[130, "K4_1", -1029.25, -1069.25, "T", "DIP", "GND", "GND", "C", 40, 40, 40.2, 60],
		[131, "K4_1", -1029.25, -1069.25, "B", "DIP", "GND", "GND", "C", 40, 40, 40.2, 60],
		[132, "K4_1", -1079.25, -989.25, "T", "DIP", "GND", "GND", "C", 40, 40, 40.2, 0],
		[133, "K4_1", -1079.25, -989.25, "B", "DIP", "GND", "GND", "C", 40, 40, 40.2, 0],
		[134, "K4_1", -984.25, -984.25, "T", "DIP", "GND", "GND", "C", 255.91, 255.91, 125.2, 0],
		[135, "K4_1", -984.25, -984.25, "B", "DIP", "GND", "GND", "C", 255.91, 255.91, 125.2, 0],
		[136, "L1_1", 437.49, 139.84, "B", "SMD", "5V_USB", "", "R", 74.8, 98.42, 0, 0],
		[137, "L1_2", 276.07, 139.84, "B", "SMD", "$1N15233", "", "R", 74.8, 98.42, 0, 0],
		[138, "LED1_1", -483.52, 60, "T", "SMD", "LED0", "", "R", 31.5, 31.5, 0, 270],
		[139, "LED1_2", -546.48, 59.99, "T", "SMD", "$1N26856", "", "R", 31.5, 31.5, 0, 270],
		[140, "LED2_1", -483.52, 250, "T", "SMD", "LED1", "", "R", 31.5, 31.5, 0, 270],
		[141, "LED2_2", -546.48, 250, "T", "SMD", "$1N26883", "", "R", 31.5, 31.5, 0, 270],
		[142, "LED3_1", 446.48, 840, "T", "SMD", "GND", "GND", "R", 31.5, 31.5, 0, 270],
		[143, "LED3_2", 383.52, 840, "T", "SMD", "$1N49354", "", "R", 31.5, 31.5, 0, 270],
		[144, "Q1_1", 212.4, -610.63, "T", "SMD", "$1N10981", "", "R", 49.21, 27.56, 0, 90],
		[145, "Q1_2", 137.6, -610.63, "T", "SMD", "GND", "GND", "R", 49.21, 27.56, 0, 90],
		[146, "Q1_3", 175, -689.37, "T", "SMD", "BEEP-", "", "R", 49.21, 27.56, 0, 90],
		[147, "Q2_1", 482.4, 269.37, "T", "SMD", "SBUS", "", "R", 49.21, 27.56, 0, 90],
		[148, "Q2_2", 407.6, 269.37, "T", "SMD", "GND", "GND", "R", 49.21, 27.56, 0, 90],
		[149, "Q2_3", 445, 190.63, "T", "SMD", "PA3", "", "R", 49.21, 27.56, 0, 90],
		[150, "R1_1", 50, 799.66, "B", "SMD", "GND", "GND", "R", 31.75, 34.02, 0, 270],
		[151, "R1_2", 50, 740.34, "B", "SMD", "$1N10368", "", "R", 31.75, 34.02, 0, 270],
		[152, "R2_1", -70, 740.34, "B", "SMD", "$1N10376", "", "R", 31.75, 34.02, 0, 90],
		[153, "R2_2", -70, 799.66, "B", "SMD", "GND", "GND", "R", 31.75, 34.02, 0, 90],
		[154, "R15_1", 145.34, -550, "T", "SMD", "GND", "GND", "R", 31.75, 34.02, 0, 0],
		[155, "R15_2", 204.66, -550, "T", "SMD", "$1N10981", "", "R", 31.75, 34.02, 0, 0],
		[156, "R20_1", 374.66, 165, "T", "SMD", "PA3", "", "R", 31.75, 34.02, 0, 180],
		[157, "R20_2", 315.34, 165, "T", "SMD", "3V3_MCU", "", "R", 31.75, 34.02, 0, 180],
		[158, "R21_1", 34.66, 175, "B", "SMD", "DCDC_FB", "", "R", 31.75, 34.02, 0, 180],
		[159, "R21_2", -24.66, 175, "B", "SMD", "5V_USB", "", "R", 31.75, 34.02, 0, 180],
		[160, "R22_1", -24.66, 105, "B", "SMD", "GND", "GND", "R", 31.75, 34.02, 0, 0],
		[161, "R22_2", 34.66, 105, "B", "SMD", "DCDC_FB", "", "R", 31.75, 34.02, 0, 0],
		[162, "R23_1", 184.66, 35, "B", "SMD", "DCDC_VIN", "", "R", 31.75, 34.02, 0, 180],
		[163, "R23_2", 125.34, 35, "B", "SMD", "$1N15240", "", "R", 31.75, 34.02, 0, 180],
		[164, "R24_1", 34.66, 35, "B", "SMD", "$1N15240", "", "R", 31.75, 34.02, 0, 180],
		[165, "R24_2", -24.66, 35, "B", "SMD", "GND", "GND", "R", 31.75, 34.02, 0, 180],
		[166, "R25_1", 315.34, 35, "T", "SMD", "BOOT1", "", "R", 31.75, 34.02, 0, 0],
		[167, "R25_2", 374.66, 35, "T", "SMD", "GND", "GND", "R", 31.75, 34.02, 0, 0],
		[168, "R26_1", 184.66, -35, "B", "SMD", "DCDC_VIN", "", "R", 31.75, 34.02, 0, 180],
		[169, "R26_2", 125.34, -35, "B", "SMD", "ADC_BAT", "", "R", 31.75, 34.02, 0, 180],
		[170, "R27_1", 34.66, -35, "B", "SMD", "ADC_BAT", "", "R", 31.75, 34.02, 0, 180],
		[171, "R27_2", -24.66, -35, "B", "SMD", "GND", "GND", "R", 31.75, 34.02, 0, 180],
		[172, "R28_1", -335, 299.66, "T", "SMD", "BOOT0", "", "R", 31.75, 34.02, 0, 270],
		[173, "R28_2", -335, 240.34, "T", "SMD", "GND", "GND", "R", 31.75, 34.02, 0, 270],
		[174, "R29_1", 300.34, -485, "T", "SMD", "3V3_MCU", "", "R", 31.75, 34.02, 0, 0],
		[175, "R29_2", 359.66, -485, "T", "SMD", "NRST", "", "R", 31.75, 34.02, 0, 0],
		[176, "R30_1", -25, 460.34, "B", "SMD", "PA11", "", "R", 31.75, 34.02, 0, 90],
		[177, "R30_2", -25, 519.66, "B", "SMD", "USB_DM", "", "R", 31.75, 34.02, 0, 90],
		[178, "R32_1", 319.66, 370, "T", "SMD", "5V_USB", "", "R", 31.75, 34.02, 0, 180],
		[179, "R32_2", 260.34, 370, "T", "SMD", "PB12", "", "R", 31.75, 34.02, 0, 180],
		[180, "R33_1", 260.34, 305, "T", "SMD", "PB12", "", "R", 31.75, 34.02, 0, 0],
		[181, "R33_2", 319.66, 305, "T", "SMD", "GND", "GND", "R", 31.75, 34.02, 0, 0],
		[182, "R34_1", -75, 460.34, "B", "SMD", "PA12", "", "R", 31.75, 34.02, 0, 90],
		[183, "R34_2", -75, 519.66, "B", "SMD", "USB_DP", "", "R", 31.75, 34.02, 0, 90],
		[184, "R35_1", 145.34, -485, "T", "SMD", "BEEPER", "", "R", 31.75, 34.02, 0, 0],
		[185, "R35_2", 204.66, -485, "T", "SMD", "$1N10981", "", "R", 31.75, 34.02, 0, 0],
		[186, "R36_1", 260, 604.66, "B", "SMD", "ADC_RSSI_INPUT", "", "R", 31.75, 34.02, 0, 270],
		[187, "R36_2", 260, 545.34, "B", "SMD", "ADC_RSSI", "", "R", 31.75, 34.02, 0, 270],
		[188, "R37_1", -450, 660.34, "B", "SMD", "$1N13793", "", "R", 31.75, 34.02, 0, 90],
		[189, "R37_2", -450, 719.66, "B", "SMD", "3V3_SENSOR", "", "R", 31.75, 34.02, 0, 90],
		[190, "R38_1", -490, 790.34, "B", "SMD", "GND", "GND", "R", 31.75, 34.02, 0, 90],
		[191, "R38_2", -490, 849.66, "B", "SMD", "VIDEO_IN", "", "R", 31.75, 34.02, 0, 90],
		[192, "R39_1", -280, 849.66, "B", "SMD", "OSD_OUT", "", "R", 31.75, 34.02, 0, 270],
		[193, "R39_2", -280, 790.34, "B", "SMD", "$1N14096", "", "R", 31.75, 34.02, 0, 270],
		[194, "R40_1", -269.66, -640, "T", "SMD", "I2C1_SCL", "", "R", 31.75, 34.02, 0, 0],
		[195, "R40_2", -210.34, -640, "T", "SMD", "3V3_SENSOR", "", "R", 31.75, 34.02, 0, 0],
		[196, "R41_1", -269.66, -575, "T", "SMD", "I2C1_SDA", "", "R", 31.75, 34.02, 0, 0],
		[197, "R41_2", -210.34, -575, "T", "SMD", "3V3_SENSOR", "", "R", 31.75, 34.02, 0, 0],
		[198, "R42_1", -480.34, 125, "T", "SMD", "3V3_MCU", "", "R", 31.75, 34.02, 0, 180],
		[199, "R42_2", -539.66, 125, "T", "SMD", "$1N26856", "", "R", 31.75, 34.02, 0, 180],
		[200, "R43_1", -480.34, 185, "T", "SMD", "3V3_MCU", "", "R", 31.75, 34.02, 0, 180],
		[201, "R43_2", -539.66, 185, "T", "SMD", "$1N26883", "", "R", 31.75, 34.02, 0, 180],
		[202, "R44_1", 444.66, 770, "T", "SMD", "5V", "", "R", 31.75, 34.02, 0, 180],
		[203, "R44_2", 385.34, 770, "T", "SMD", "$1N49354", "", "R", 31.75, 34.02, 0, 180],
		[204, "SW1_1", 274.88, -660, "T", "SMD", "GND", "GND", "R", 60.24, 53.54, 0, 0],
		[205, "SW1_2", 435.12, -660, "T", "SMD", "NRST", "", "R", 60.24, 53.54, 0, 0],
		[206, "SW2_1", -295, 530.12, "T", "SMD", "3V3_MCU", "", "R", 60.24, 53.54, 0, 270],
		[207, "SW2_2", -295, 369.88, "T", "SMD", "BOOT0", "", "R", 60.24, 53.54, 0, 270],
		[208, "U5_1", -147.64, -228.93, "T", "SMD", "3V3_MCU", "", "O", 11.81, 78.74, 0, 0],
		[209, "U5_2", -127.95, -228.93, "T", "SMD", "BEEPER", "", "O", 11.81, 78.74, 0, 0],
		[210, "U5_3", -108.27, -228.93, "T", "SMD", "PC14", "", "O", 11.81, 78.74, 0, 0],
		[211, "U5_4", -88.58, -228.93, "T", "SMD", "PC15", "", "O", 11.81, 78.74, 0, 0],
		[212, "U5_5", -68.9, -228.93, "T", "SMD", "OSCIN", "", "O", 11.81, 78.74, 0, 0],
		[213, "U5_6", -49.21, -228.93, "T", "SMD", "OSCOUT", "", "O", 11.81, 78.74, 0, 0],
		[214, "U5_7", -29.53, -228.93, "T", "SMD", "NRST", "", "O", 11.81, 78.74, 0, 0],
		[215, "U5_8", -9.84, -228.93, "T", "SMD", "FLASH_CS", "", "O", 11.81, 78.74, 0, 0],
		[216, "U5_9", 9.84, -228.93, "T", "SMD", "PC1", "", "O", 11.81, 78.74, 0, 0],
		[217, "U5_10", 29.53, -228.93, "T", "SMD", "IMU_CS", "", "O", 11.81, 78.74, 0, 0],
		[218, "U5_11", 49.21, -228.93, "T", "SMD", "IMU_INT", "", "O", 11.81, 78.74, 0, 0],
		[219, "U5_12", 68.9, -228.93, "T", "SMD", "GND", "GND", "O", 11.81, 78.74, 0, 0],
		[220, "U5_13", 88.58, -228.93, "T", "SMD", "3V3_MCU", "", "O", 11.81, 78.74, 0, 0],
		[221, "U5_14", 108.27, -228.93, "T", "SMD", "PA0", "", "O", 11.81, 78.74, 0, 0],
		[222, "U5_15", 127.95, -228.93, "T", "SMD", "PA1", "", "O", 11.81, 78.74, 0, 0],
		[223, "U5_16", 147.64, -228.93, "T", "SMD", "PA2", "", "O", 11.81, 78.74, 0, 0],
		[224, "U5_17", 226.37, -150.2, "T", "SMD", "PA3", "", "O", 78.74, 11.81, 0, 0],
		[225, "U5_18", 226.37, -130.51, "T", "SMD", "GND", "GND", "O", 78.74, 11.81, 0, 0],
		[226, "U5_19", 226.37, -110.83, "T", "SMD", "3V3_MCU", "", "O", 78.74, 11.81, 0, 0],
		[227, "U5_20", 226.37, -91.14, "T", "SMD", "DAC", "", "O", 78.74, 11.81, 0, 0],
		[228, "U5_21", 226.37, -71.46, "T", "SMD", "LSM_SCK", "", "O", 78.74, 11.81, 0, 0],
		[229, "U5_22", 226.37, -51.77, "T", "SMD", "LSM_MISO", "", "O", 78.74, 11.81, 0, 0],
		[230, "U5_23", 226.37, -32.09, "T", "SMD", "LSM_MOSI", "", "O", 78.74, 11.81, 0, 0],
		[231, "U5_24", 226.37, -12.4, "T", "SMD", "ADC_CURRENT", "", "O", 78.74, 11.81, 0, 0],
		[232, "U5_25", 226.37, 7.28, "T", "SMD", "ADC_BAT", "", "O", 78.74, 11.81, 0, 0],
		[233, "U5_26", 226.37, 26.97, "T", "SMD", "PB0", "", "O", 78.74, 11.81, 0, 0],
		[234, "U5_27", 226.37, 46.65, "T", "SMD", "ADC_RSSI", "", "O", 78.74, 11.81, 0, 0],
		[235, "U5_28", 226.37, 66.34, "T", "SMD", "BOOT1", "", "O", 78.74, 11.81, 0, 0],
		[236, "U5_29", 226.37, 86.02, "T", "SMD", "AT7456_CS", "", "O", 78.74, 11.81, 0, 0],
		[237, "U5_30", 226.37, 105.71, "T", "SMD", "PB11", "", "O", 78.74, 11.81, 0, 0],
		[238, "U5_31", 226.37, 125.39, "T", "SMD", "$1N5004", "", "O", 78.74, 11.81, 0, 0],
		[239, "U5_32", 226.37, 145.08, "T", "SMD", "3V3_MCU", "", "O", 78.74, 11.81, 0, 0],
		[240, "U5_33", 147.64, 223.81, "T", "SMD", "PB12", "", "O", 11.81, 78.74, 0, 0],
		[241, "U5_34", 127.95, 223.81, "T", "SMD", "PB13", "", "O", 11.81, 78.74, 0, 0],
		[242, "U5_35", 108.27, 223.81, "T", "SMD", "PB14", "", "O", 11.81, 78.74, 0, 0],
		[243, "U5_36", 88.58, 223.81, "T", "SMD", "PB15", "", "O", 11.81, 78.74, 0, 0],
		[244, "U5_37", 68.9, 223.81, "T", "SMD", "PC6", "", "O", 11.81, 78.74, 0, 0],
		[245, "U5_38", 49.21, 223.81, "T", "SMD", "PC7", "", "O", 11.81, 78.74, 0, 0],
		[246, "U5_39", 29.53, 223.81, "T", "SMD", "PC8", "", "O", 11.81, 78.74, 0, 0],
		[247, "U5_40", 9.84, 223.81, "T", "SMD", "PC9", "", "O", 11.81, 78.74, 0, 0],
		[248, "U5_41", -9.84, 223.81, "T", "SMD", "PA8", "", "O", 11.81, 78.74, 0, 0],
		[249, "U5_42", -29.53, 223.81, "T", "SMD", "PA9", "", "O", 11.81, 78.74, 0, 0],
		[250, "U5_43", -49.21, 223.81, "T", "SMD", "PA10", "", "O", 11.81, 78.74, 0, 0],
		[251, "U5_44", -68.9, 223.81, "T", "SMD", "PA11", "", "O", 11.81, 78.74, 0, 0],
		[252, "U5_45", -88.58, 223.81, "T", "SMD", "PA12", "", "O", 11.81, 78.74, 0, 0],
		[253, "U5_46", -108.27, 223.81, "T", "SMD", "PA13", "", "O", 11.81, 78.74, 0, 0],
		[254, "U5_47", -127.95, 223.81, "T", "SMD", "$1N4998", "", "O", 11.81, 78.74, 0, 0],
		[255, "U5_48", -147.64, 223.81, "T", "SMD", "3V3_MCU", "", "O", 11.81, 78.74, 0, 0],
		[256, "U5_49", -226.37, 145.08, "T", "SMD", "LED1", "", "O", 78.74, 11.81, 0, 0],
		[257, "U5_50", -226.37, 125.39, "T", "SMD", "LED_STRIP", "", "O", 78.74, 11.81, 0, 0],
		[258, "U5_51", -226.37, 105.71, "T", "SMD", "PC10", "", "O", 78.74, 11.81, 0, 0],
		[259, "U5_52", -226.37, 86.02, "T", "SMD", "PC11", "", "O", 78.74, 11.81, 0, 0],
		[260, "U5_53", -226.37, 66.34, "T", "SMD", "PC12", "", "O", 78.74, 11.81, 0, 0],
		[261, "U5_54", -226.37, 46.65, "T", "SMD", "PD2", "", "O", 78.74, 11.81, 0, 0],
		[262, "U5_55", -226.37, 26.97, "T", "SMD", "PB3", "", "O", 78.74, 11.81, 0, 0],
		[263, "U5_56", -226.37, 7.28, "T", "SMD", "PB4", "", "O", 78.74, 11.81, 0, 0],
		[264, "U5_57", -226.37, -12.4, "T", "SMD", "PB5", "", "O", 78.74, 11.81, 0, 0],
		[265, "U5_58", -226.37, -32.09, "T", "SMD", "I2C1_SCL", "", "O", 78.74, 11.81, 0, 0],
		[266, "U5_59", -226.37, -51.77, "T", "SMD", "I2C1_SDA", "", "O", 78.74, 11.81, 0, 0],
		[267, "U5_60", -226.37, -71.46, "T", "SMD", "BOOT0", "", "O", 78.74, 11.81, 0, 0],
		[268, "U5_61", -226.37, -91.14, "T", "SMD", "PB8", "", "O", 78.74, 11.81, 0, 0],
		[269, "U5_62", -226.37, -110.83, "T", "SMD", "LED0", "", "O", 78.74, 11.81, 0, 0],
		[270, "U5_63", -226.37, -130.51, "T", "SMD", "GND", "GND", "O", 78.74, 11.81, 0, 0],
		[271, "U5_64", -226.37, -150.2, "T", "SMD", "3V3_MCU", "", "O", 78.74, 11.81, 0, 0],
		[272, "U14_1", 197.02, 177.24, "B", "SMD", "GND", "GND", "R", 20.95, 42.2, 0, 270],
		[273, "U14_2", 197.02, 139.84, "B", "SMD", "$1N15233", "", "R", 20.95, 42.2, 0, 270],
		[274, "U14_3", 197.02, 102.44, "B", "SMD", "DCDC_VIN", "", "R", 20.95, 42.2, 0, 270],
		[275, "U14_4", 106.54, 102.44, "B", "SMD", "DCDC_FB", "", "R", 20.95, 42.2, 0, 270],
		[276, "U14_5", 106.54, 139.84, "B", "SMD", "$1N15240", "", "R", 20.95, 42.2, 0, 270],
		[277, "U14_6", 106.54, 177.24, "B", "SMD", "$1N15241", "", "R", 20.95, 42.2, 0, 270],
		[278, "U31_1", 447.4, 631.18, "T", "SMD", "5V", "", "R", 39.37, 23.62, 0, 90],
		[279, "U31_2", 410, 631.18, "T", "SMD", "GND", "GND", "R", 39.37, 23.62, 0, 90],
		[280, "U31_3", 372.6, 631.18, "T", "SMD", "5V", "", "R", 39.37, 23.62, 0, 90],
		[281, "U31_4", 372.6, 528.82, "T", "SMD", "GND", "GND", "R", 39.37, 23.62, 0, 90],
		[282, "U31_5", 447.4, 528.82, "T", "SMD", "3V3_MCU", "", "R", 39.37, 23.62, 0, 90],
		[283, "U32_1", 267.6, -128.81, "B", "SMD", "5V", "", "R", 39.37, 23.62, 0, 90],
		[284, "U32_2", 305, -128.81, "B", "SMD", "GND", "GND", "R", 39.37, 23.62, 0, 90],
		[285, "U32_3", 342.4, -128.81, "B", "SMD", "5V", "", "R", 39.37, 23.62, 0, 90],
		[286, "U32_4", 342.4, -231.19, "B", "SMD", "GND", "GND", "R", 39.37, 23.62, 0, 90],
		[287, "U32_5", 267.6, -231.19, "B", "SMD", "3V3_SENSOR", "", "R", 39.37, 23.62, 0, 90],
		[288, "U33_1", -356.46, -566.61, "T", "SMD", "GND", "GND", "R", 23.62, 15.75, 0, 0],
		[289, "U33_2", -356.46, -592.21, "T", "SMD", "3V3_SENSOR", "", "R", 23.62, 15.75, 0, 0],
		[290, "U33_3", -356.46, -617.79, "T", "SMD", "I2C1_SDA", "", "R", 23.62, 15.75, 0, 0],
		[291, "U33_4", -356.46, -643.39, "T", "SMD", "I2C1_SCL", "", "R", 23.62, 15.75, 0, 0],
		[292, "U33_5", -413.54, -643.39, "T", "SMD", "GND", "GND", "R", 23.62, 15.75, 0, 0],
		[293, "U33_6", -413.54, -617.79, "T", "SMD", "3V3_SENSOR", "", "R", 23.62, 15.75, 0, 0],
		[294, "U33_7", -413.54, -592.21, "T", "SMD", "GND", "GND", "R", 23.62, 15.75, 0, 0],
		[295, "U33_8", -413.54, -566.61, "T", "SMD", "3V3_SENSOR", "", "R", 23.62, 15.75, 0, 0],
		[296, "U34_1", 29.53, -565.32, "T", "SMD", "LSM_MISO", "", "R", 26.57, 11.02, 0, 270],
		[297, "U34_2", 9.84, -565.32, "T", "SMD", "GND", "GND", "R", 26.57, 11.02, 0, 270],
		[298, "U34_3", -9.84, -565.32, "T", "SMD", "GND", "GND", "R", 26.57, 11.02, 0, 270],
		[299, "U34_4", -29.53, -565.32, "T", "SMD", "LSM_INT1", "", "R", 26.57, 11.02, 0, 270],
		[300, "U34_5", -39.86, -595.32, "T", "SMD", "3V3_SENSOR", "", "R", 11.02, 26.57, 0, 270],
		[301, "U34_6", -39.86, -615, "T", "SMD", "GND", "GND", "R", 11.02, 26.57, 0, 270],
		[302, "U34_7", -39.86, -634.68, "T", "SMD", "GND", "GND", "R", 11.02, 26.57, 0, 270],
		[303, "U34_8", -29.53, -664.69, "T", "SMD", "3V3_SENSOR", "", "R", 26.57, 11.02, 0, 270],
		[304, "U34_9", -9.84, -664.69, "T", "SMD", "LSM_INT2", "", "R", 26.57, 11.02, 0, 270],
		[305, "U34_10", 9.84, -664.69, "T", "SMD", "U34_10", "", "R", 26.57, 11.02, 0, 270],
		[306, "U34_11", 29.53, -664.69, "T", "SMD", "U34_11", "", "R", 26.57, 11.02, 0, 270],
		[307, "U34_12", 39.86, -634.68, "T", "SMD", "IMU_CS", "", "R", 11.02, 26.57, 0, 270],
		[308, "U34_13", 39.86, -615, "T", "SMD", "LSM_SCK", "", "R", 11.02, 26.57, 0, 270],
		[309, "U34_14", 39.86, -595.32, "T", "SMD", "LSM_MOSI", "", "R", 11.02, 26.57, 0, 270],
		[310, "U35_1", -59.33, -495, "T", "SMD", "LSM_INT1", "", "P", 34.02, 34.02, 0, 0],
		[311, "U35_2", 0, -495, "T", "SMD", "IMU_INT", "", "P", 34.02, 34.02, 0, 0],
		[312, "U35_3", 59.33, -495, "T", "SMD", "LSM_INT2", "", "P", 34.02, 34.02, 0, 0],
		[313, "U36_1", -138.66, 282.18, "B", "SMD", "U36_1", "", "O", 13.5, 68.17, 0, 180],
		[314, "U36_2", -164.25, 282.18, "B", "SMD", "U36_2", "", "O", 13.5, 68.17, 0, 180],
		[315, "U36_3", -189.84, 282.18, "B", "SMD", "3V3_SENSOR", "", "O", 13.5, 68.17, 0, 180],
		[316, "U36_4", -215.43, 282.18, "B", "SMD", "GND", "GND", "O", 13.5, 68.17, 0, 180],
		[317, "U36_5", -241.02, 282.18, "B", "SMD", "$1N13735", "", "O", 13.5, 68.17, 0, 180],
		[318, "U36_6", -266.61, 282.18, "B", "SMD", "$1N13739", "", "O", 13.5, 68.17, 0, 180],
		[319, "U36_7", -292.21, 282.18, "B", "SMD", "U36_7", "", "O", 13.5, 68.17, 0, 180],
		[320, "U36_8", -317.8, 282.18, "B", "SMD", "AT7456_CS", "", "O", 13.5, 68.17, 0, 180],
		[321, "U36_9", -343.39, 282.18, "B", "SMD", "PB15", "", "O", 13.5, 68.17, 0, 180],
		[322, "U36_10", -368.98, 282.18, "B", "SMD", "PB13", "", "O", 13.5, 68.17, 0, 180],
		[323, "U36_11", -394.57, 282.18, "B", "SMD", "PB14", "", "O", 13.5, 68.17, 0, 180],
		[324, "U36_12", -420.16, 282.18, "B", "SMD", "U36_12", "", "O", 13.5, 68.17, 0, 180],
		[325, "U36_13", -445.75, 282.18, "B", "SMD", "U36_13", "", "O", 13.5, 68.17, 0, 180],
		[326, "U36_14", -471.34, 282.18, "B", "SMD", "U36_14", "", "O", 13.5, 68.17, 0, 180],
		[327, "U36_15", -471.34, 507.82, "B", "SMD", "U36_15", "", "O", 13.5, 68.17, 0, 180],
		[328, "U36_16", -445.75, 507.82, "B", "SMD", "U36_16", "", "O", 13.5, 68.17, 0, 180],
		[329, "U36_17", -420.16, 507.82, "B", "SMD", "U36_17", "", "O", 13.5, 68.17, 0, 180],
		[330, "U36_18", -394.57, 507.82, "B", "SMD", "U36_18", "", "O", 13.5, 68.17, 0, 180],
		[331, "U36_19", -368.98, 507.82, "B", "SMD", "$1N13793", "", "O", 13.5, 68.17, 0, 180],
		[332, "U36_20", -343.39, 507.82, "B", "SMD", "GND", "GND", "O", 13.5, 68.17, 0, 180],
		[333, "U36_21", -317.8, 507.82, "B", "SMD", "3V3_SENSOR", "", "O", 13.5, 68.17, 0, 180],
		[334, "U36_22", -292.21, 507.82, "B", "SMD", "$1N13913", "", "O", 13.5, 68.17, 0, 180],
		[335, "U36_23", -266.61, 507.82, "B", "SMD", "GND", "GND", "O", 13.5, 68.17, 0, 180],
		[336, "U36_24", -241.02, 507.82, "B", "SMD", "3V3_SENSOR", "", "O", 13.5, 68.17, 0, 180],
		[337, "U36_25", -215.43, 507.82, "B", "SMD", "$1N14086", "", "O", 13.5, 68.17, 0, 180],
		[338, "U36_26", -189.84, 507.82, "B", "SMD", "$1N14090", "", "O", 13.5, 68.17, 0, 180],
		[339, "U36_27", -164.25, 507.82, "B", "SMD", "U36_27", "", "O", 13.5, 68.17, 0, 180],
		[340, "U36_28", -138.66, 507.82, "B", "SMD", "U36_28", "", "O", 13.5, 68.17, 0, 180],
		[341, "U36_29", -305, 395, "B", "SMD", "GND", "GND", "R", 263.78, 114.17, 0, 180],
		[342, "U37_1", 548.23, 548.82, "B", "SMD", "PA9", "", "R", 23.62, 66.93, 0, 270],
		[343, "U37_2", 548.23, 499.61, "B", "SMD", "PA10", "", "R", 23.62, 66.93, 0, 270],
		[344, "U37_3", 548.23, 450.4, "B", "SMD", "5V", "", "R", 23.62, 66.93, 0, 270],
		[345, "U37_4", 548.23, 401.18, "B", "SMD", "GND", "GND", "R", 23.62, 66.93, 0, 270],
		[346, "U37_5", 672.25, 328.35, "B", "SMD", "GND", "GND", "R", 39.37, 110.24, 0, 270],
		[347, "U37_6", 672.25, 621.65, "B", "SMD", "GND", "GND", "R", 39.37, 110.24, 0, 270],
		[348, "U38_1", 548.23, 148.82, "B", "SMD", "PA2", "", "R", 23.62, 66.93, 0, 270],
		[349, "U38_2", 548.23, 99.61, "B", "SMD", "PA3", "", "R", 23.62, 66.93, 0, 270],
		[350, "U38_3", 548.23, 50.4, "B", "SMD", "5V", "", "R", 23.62, 66.93, 0, 270],
		[351, "U38_4", 548.23, 1.18, "B", "SMD", "GND", "GND", "R", 23.62, 66.93, 0, 270],
		[352, "U38_5", 672.25, -71.65, "B", "SMD", "GND", "GND", "R", 39.37, 110.24, 0, 270],
		[353, "U38_6", 672.25, 221.65, "B", "SMD", "GND", "GND", "R", 39.37, 110.24, 0, 270],
		[354, "U39_1", -544.29, 106.18, "B", "SMD", "PC10", "", "R", 23.62, 66.93, 0, 90],
		[355, "U39_2", -544.29, 155.39, "B", "SMD", "PC11", "", "R", 23.62, 66.93, 0, 90],
		[356, "U39_3", -544.29, 204.6, "B", "SMD", "5V", "", "R", 23.62, 66.93, 0, 90],
		[357, "U39_4", -544.29, 253.82, "B", "SMD", "GND", "GND", "R", 23.62, 66.93, 0, 90],
		[358, "U39_5", -668.31, 326.65, "B", "SMD", "GND", "GND", "R", 39.37, 110.24, 0, 90],
		[359, "U39_6", -668.31, 33.35, "B", "SMD", "GND", "GND", "R", 39.37, 110.24, 0, 90],
		[360, "U40_1", 548.23, -251.18, "B", "SMD", "PA0", "", "R", 23.62, 66.93, 0, 270],
		[361, "U40_2", 548.23, -300.39, "B", "SMD", "PA1", "", "R", 23.62, 66.93, 0, 270],
		[362, "U40_3", 548.23, -349.6, "B", "SMD", "5V", "", "R", 23.62, 66.93, 0, 270],
		[363, "U40_4", 548.23, -398.82, "B", "SMD", "GND", "GND", "R", 23.62, 66.93, 0, 270],
		[364, "U40_5", 672.25, -471.65, "B", "SMD", "GND", "GND", "R", 39.37, 110.24, 0, 270],
		[365, "U40_6", 672.25, -178.35, "B", "SMD", "GND", "GND", "R", 39.37, 110.24, 0, 270],
		[366, "U41_1", -544.29, -293.82, "B", "SMD", "PC12", "", "R", 23.62, 66.93, 0, 90],
		[367, "U41_2", -544.29, -244.61, "B", "SMD", "PD2", "", "R", 23.62, 66.93, 0, 90],
		[368, "U41_3", -544.29, -195.4, "B", "SMD", "5V", "", "R", 23.62, 66.93, 0, 90],
		[369, "U41_4", -544.29, -146.18, "B", "SMD", "GND", "GND", "R", 23.62, 66.93, 0, 90],
		[370, "U41_5", -668.31, -73.35, "B", "SMD", "GND", "GND", "R", 39.37, 110.24, 0, 90],
		[371, "U41_6", -668.31, -366.65, "B", "SMD", "GND", "GND", "R", 39.37, 110.24, 0, 90],
		[372, "U42_1", -544.29, -693.82, "B", "SMD", "I2C1_SCL", "", "R", 23.62, 66.93, 0, 90],
		[373, "U42_2", -544.29, -644.61, "B", "SMD", "I2C1_SDA", "", "R", 23.62, 66.93, 0, 90],
		[374, "U42_3", -544.29, -595.4, "B", "SMD", "5V", "", "R", 23.62, 66.93, 0, 90],
		[375, "U42_4", -544.29, -546.18, "B", "SMD", "GND", "GND", "R", 23.62, 66.93, 0, 90],
		[376, "U42_5", -668.31, -473.35, "B", "SMD", "GND", "GND", "R", 39.37, 110.24, 0, 90],
		[377, "U42_6", -668.31, -766.65, "B", "SMD", "GND", "GND", "R", 39.37, 110.24, 0, 90],
		[378, "U43_1", 685, 818.9, "T", "SMD", "PC6", "", "R", 118.11, 66.93, 0, 270],
		[379, "U44_1", -685, 818.9, "T", "SMD", "PC7", "", "R", 118.11, 66.93, 0, 270],
		[380, "U45_1", -510, -820, "T", "SMD", "PC8", "", "R", 118.11, 66.93, 0, 270],
		[381, "U46_1", 665, -830, "T", "SMD", "PC9", "", "R", 118.11, 66.93, 0, 180],
		[382, "U47_1", -660, 540, "T", "SMD", "PA8", "", "R", 118.11, 66.93, 0, 0],
		[383, "U48_1", -660, 435, "T", "SMD", "PB8", "", "R", 118.11, 66.93, 0, 0],
		[384, "U49_1", -660, 645, "T", "SMD", "LED_STRIP", "", "R", 118.11, 66.93, 0, 0],
		[385, "U50_1", 440, -820, "T", "SMD", "5V", "", "R", 118.11, 66.93, 0, 270],
		[386, "U51_1", 345, -820, "T", "SMD", "BEEP-", "", "R", 118.11, 66.93, 0, 270],
		[387, "U52_1", 388.62, -334.33, "T", "SMD", "LSM_SCK", "", "R", 23.62, 66.93, 0, 270],
		[388, "U52_2", 388.62, -285.11, "T", "SMD", "LSM_MISO", "", "R", 23.62, 66.93, 0, 270],
		[389, "U52_3", 388.62, -235.9, "T", "SMD", "LSM_MOSI", "", "R", 23.62, 66.93, 0, 270],
		[390, "U52_4", 388.62, -186.69, "T", "SMD", "IMU_CS", "", "R", 23.62, 66.93, 0, 270],
		[391, "U52_5", 388.62, -137.47, "T", "SMD", "3V3_SENSOR", "", "R", 23.62, 66.93, 0, 270],
		[392, "U52_6", 388.62, -88.26, "T", "SMD", "GND", "GND", "R", 23.62, 66.93, 0, 270],
		[393, "U52_7", 520.51, -15.43, "T", "SMD", "GND", "GND", "R", 39.37, 110.24, 0, 270],
		[394, "U52_8", 520.51, -407.17, "T", "SMD", "GND", "GND", "R", 39.37, 110.24, 0, 270],
		[395, "U53_1", 123.03, 368.94, "T", "SMD", "PB13", "", "R", 23.62, 66.93, 0, 0],
		[396, "U53_2", 73.81, 368.94, "T", "SMD", "PB14", "", "R", 23.62, 66.93, 0, 0],
		[397, "U53_3", 24.6, 368.94, "T", "SMD", "PB15", "", "R", 23.62, 66.93, 0, 0],
		[398, "U53_4", -24.61, 368.94, "T", "SMD", "AT7456_CS", "", "R", 23.62, 66.93, 0, 0],
		[399, "U53_5", -73.83, 368.94, "T", "SMD", "3V3_SENSOR", "", "R", 23.62, 66.93, 0, 0],
		[400, "U53_6", -123.04, 368.94, "T", "SMD", "GND", "GND", "R", 23.62, 66.93, 0, 0],
		[401, "U53_7", -195.87, 500.83, "T", "SMD", "GND", "GND", "R", 39.37, 110.24, 0, 0],
		[402, "U53_8", 195.87, 500.83, "T", "SMD", "GND", "GND", "R", 39.37, 110.24, 0, 0],
		[403, "U54_1", -388.62, -88.27, "T", "SMD", "PB3", "", "R", 23.62, 66.93, 0, 90],
		[404, "U54_2", -388.62, -137.49, "T", "SMD", "PB4", "", "R", 23.62, 66.93, 0, 90],
		[405, "U54_3", -388.62, -186.7, "T", "SMD", "PB5", "", "R", 23.62, 66.93, 0, 90],
		[406, "U54_4", -388.62, -235.91, "T", "SMD", "PC1", "", "R", 23.62, 66.93, 0, 90],
		[407, "U54_5", -388.62, -285.13, "T", "SMD", "3V3_SENSOR", "", "R", 23.62, 66.93, 0, 90],
		[408, "U54_6", -388.62, -334.34, "T", "SMD", "GND", "GND", "R", 23.62, 66.93, 0, 90],
		[409, "U54_7", -520.51, -407.17, "T", "SMD", "GND", "GND", "R", 39.37, 110.24, 0, 90],
		[410, "U54_8", -520.51, -15.43, "T", "SMD", "GND", "GND", "R", 39.37, 110.24, 0, 90],
		[411, "U56_1", -669.29, -770, "T", "SMD", "I2C1_SCL", "", "P", 98.43, 62.99, 0, 0],
		[412, "U56_2", -669.29, -670, "T", "SMD", "I2C1_SDA", "", "P", 98.43, 62.99, 0, 0],
		[413, "U56_3", -669.29, -570, "T", "SMD", "5V", "", "P", 98.43, 62.99, 0, 0],
		[414, "U56_4", -669.29, -470, "T", "SMD", "GND", "GND", "P", 98.43, 62.99, 0, 0],
		[415, "U57_1", 669.29, 625, "T", "SMD", "PA9", "", "P", 98.43, 62.99, 0, 180],
		[416, "U57_2", 669.29, 525, "T", "SMD", "PA10", "", "P", 98.43, 62.99, 0, 180],
		[417, "U57_3", 669.29, 425, "T", "SMD", "5V", "", "P", 98.43, 62.99, 0, 180],
		[418, "U57_4", 669.29, 325, "T", "SMD", "GND", "GND", "P", 98.43, 62.99, 0, 180],
		[419, "U58_1", 669.29, 225, "T", "SMD", "PA2", "", "P", 98.43, 62.99, 0, 180],
		[420, "U58_2", 669.29, 125, "T", "SMD", "PA3", "", "P", 98.43, 62.99, 0, 180],
		[421, "U58_3", 669.29, 25, "T", "SMD", "5V", "", "P", 98.43, 62.99, 0, 180],
		[422, "U58_4", 669.29, -75, "T", "SMD", "GND", "GND", "P", 98.43, 62.99, 0, 180],
		[423, "U59_1", -669.29, 30, "T", "SMD", "PC10", "", "P", 98.43, 62.99, 0, 0],
		[424, "U59_2", -669.29, 130, "T", "SMD", "PC11", "", "P", 98.43, 62.99, 0, 0],
		[425, "U59_3", -669.29, 230, "T", "SMD", "5V", "", "P", 98.43, 62.99, 0, 0],
		[426, "U59_4", -669.29, 330, "T", "SMD", "GND", "GND", "P", 98.43, 62.99, 0, 0],
		[427, "U60_1", 669.29, -175, "T", "SMD", "PA0", "", "P", 98.43, 62.99, 0, 180],
		[428, "U60_2", 669.29, -275, "T", "SMD", "PA1", "", "P", 98.43, 62.99, 0, 180],
		[429, "U60_3", 669.29, -375, "T", "SMD", "5V", "", "P", 98.43, 62.99, 0, 180],
		[430, "U60_4", 669.29, -475, "T", "SMD", "GND", "GND", "P", 98.43, 62.99, 0, 180],
		[431, "U61_1", -669.29, -370, "T", "SMD", "PC12", "", "P", 98.43, 62.99, 0, 0],
		[432, "U61_2", -669.29, -270, "T", "SMD", "PD2", "", "P", 98.43, 62.99, 0, 0],
		[433, "U61_3", -669.29, -170, "T", "SMD", "5V", "", "P", 98.43, 62.99, 0, 0],
		[434, "U61_4", -669.29, -70, "T", "SMD", "GND", "GND", "P", 98.43, 62.99, 0, 0],
		[435, "U62_1", -544.29, 506.18, "B", "SMD", "LED1", "", "R", 23.62, 66.93, 0, 90],
		[436, "U62_2", -544.29, 555.39, "B", "SMD", "PA13", "", "R", 23.62, 66.93, 0, 90],
		[437, "U62_3", -544.29, 604.6, "B", "SMD", "5V_USB", "", "R", 23.62, 66.93, 0, 90],
		[438, "U62_4", -544.29, 653.82, "B", "SMD", "GND", "GND", "R", 23.62, 66.93, 0, 90],
		[439, "U62_5", -668.31, 726.65, "B", "SMD", "GND", "GND", "R", 39.37, 110.24, 0, 90],
		[440, "U62_6", -668.31, 433.35, "B", "SMD", "GND", "GND", "R", 39.37, 110.24, 0, 90],
		[441, "U63_1", 403.33, 817.72, "B", "SMD", "ADC_CURRENT", "", "R", 118.11, 66.93, 0, 90],
		[442, "U65_1", 280, 817.72, "B", "SMD", "ADC_RSSI_INPUT", "", "R", 118.11, 66.93, 0, 90],
		[443, "U66_1", 665, -580, "T", "SMD", "DAC", "", "R", 118.11, 66.93, 0, 0],
		[444, "U68_1", 650, 817.72, "B", "SMD", "SBUS", "", "R", 118.11, 66.93, 0, 90],
		[445, "U69_1", 665, -830, "B", "SMD", "DCDC_VIN", "", "R", 118.11, 66.93, 0, 180],
		[446, "U70_1", 665, -703.58, "B", "SMD", "GND", "GND", "R", 118.11, 66.93, 0, 0],
		[447, "U71_1", -472.5, 818.9, "T", "SMD", "VIDEO_IN", "", "R", 118.11, 66.93, 0, 270],
		[448, "U72_1", -260, 818.9, "T", "SMD", "OSD_OUT", "", "R", 118.11, 66.93, 0, 270],
		[449, "U73_1", 526.67, 817.72, "B", "SMD", "GND", "GND", "R", 118.11, 66.93, 0, 270],
		[450, "U74_1", -366.25, 818.9, "T", "SMD", "GND", "GND", "R", 118.11, 66.93, 0, 270],
		[451, "U75_1", -578.75, 818.9, "T", "SMD", "GND", "GND", "R", 118.11, 66.93, 0, 90],
		[452, "U76_1", 578.74, 818.9, "T", "SMD", "GND", "GND", "R", 118.11, 66.93, 0, 90],
		[453, "U77_1", 665, -705, "T", "SMD", "GND", "GND", "R", 118.11, 66.93, 0, 180],
		[454, "U78_1", -405, -820, "T", "SMD", "GND", "GND", "R", 118.11, 66.93, 0, 90],
		[455, "USB2_1", 170.08, 635.51, "T", "DIP", "GND", "GND", "O", 47.24, 78.74, 66.93, 180],
		[456, "USB2_1", 170.08, 635.51, "B", "DIP", "GND", "GND", "O", 47.24, 78.74, 66.93, 180],
		[457, "USB2_2", -170.08, 635.51, "T", "DIP", "GND", "GND", "O", 47.24, 78.74, 66.93, 180],
		[458, "USB2_2", -170.08, 635.51, "B", "DIP", "GND", "GND", "O", 47.24, 78.74, 66.93, 180],
		[459, "USB2_3", 170.08, 800.08, "T", "DIP", "GND", "GND", "O", 47.24, 70.87, 55.12, 180],
		[460, "USB2_3", 170.08, 800.08, "B", "DIP", "GND", "GND", "O", 47.24, 70.87, 55.12, 180],
		[461, "USB2_4", -170.08, 800.08, "T", "DIP", "GND", "GND", "O", 47.24, 70.87, 55.12, 180],
		[462, "USB2_4", -170.08, 800.08, "B", "DIP", "GND", "GND", "O", 47.24, 70.87, 55.12, 180],
		[463, "USB2_A1", 131.89, 609.92, "T", "SMD", "GND", "GND", "R", 11.81, 51.18, 0, 180],
		[464, "USB2_A12", -131.89, 609.92, "T", "SMD", "GND", "GND", "R", 11.81, 51.18, 0, 180],
		[465, "USB2_A4", 100.39, 609.92, "T", "SMD", "5V_USB", "", "R", 11.81, 51.18, 0, 180],
		[466, "USB2_A5", 49.21, 609.92, "T", "SMD", "$1N10368", "", "R", 11.81, 51.18, 0, 180],
		[467, "USB2_A6", 9.84, 609.92, "T", "SMD", "USB_DP", "", "R", 11.81, 51.18, 0, 180],
		[468, "USB2_A7", -9.84, 609.92, "T", "SMD", "USB_DM", "", "R", 11.81, 51.18, 0, 180],
		[469, "USB2_A8", -49.2, 609.92, "T", "SMD", "USB2_A8", "", "R", 11.81, 51.18, 0, 180],
		[470, "USB2_A9", -100.4, 609.93, "T", "SMD", "5V_USB", "", "R", 11.81, 51.18, 0, 180],
		[471, "USB2_B1", -120.08, 609.92, "T", "SMD", "GND", "GND", "R", 11.81, 51.18, 0, 180],
		[472, "USB2_B12", 120.08, 609.92, "T", "SMD", "GND", "GND", "R", 11.81, 51.18, 0, 180],
		[473, "USB2_B4", -88.58, 609.93, "T", "SMD", "5V_USB", "", "R", 11.81, 51.18, 0, 180],
		[474, "USB2_B5", -68.9, 609.92, "T", "SMD", "$1N10376", "", "R", 11.81, 51.18, 0, 180],
		[475, "USB2_B6", -29.53, 609.92, "T", "SMD", "USB_DP", "", "R", 11.81, 51.18, 0, 180],
		[476, "USB2_B7", 29.53, 609.92, "T", "SMD", "USB_DM", "", "R", 11.81, 51.18, 0, 180],
		[477, "USB2_B8", 68.9, 609.92, "T", "SMD", "USB2_B8", "", "R", 11.81, 51.18, 0, 180],
		[478, "USB2_B9", 88.58, 609.92, "T", "SMD", "5V_USB", "", "R", 11.81, 51.18, 0, 180],
		[479, "X2_1", -293.31, 118.47, "B", "SMD", "$1N13739", "", "R", 55.12, 47.24, 0, 0],
		[480, "X2_2", -206.69, 118.47, "B", "SMD", "GND", "GND", "R", 55.12, 47.24, 0, 0],
		[481, "X2_3", -206.69, 51.54, "B", "SMD", "$1N13735", "", "R", 55.12, 47.24, 0, 0],
		[482, "X2_4", -293.31, 51.53, "B", "SMD", "GND", "GND", "R", 55.12, 47.24, 0, 0],
		[483, "X3_1", -98.31, -398.46, "T", "SMD", "OSCIN", "", "R", 55.12, 47.24, 0, 0],
		[484, "X3_2", -11.69, -398.46, "T", "SMD", "GND", "GND", "R", 55.12, 47.24, 0, 0],
		[485, "X3_3", -11.69, -331.54, "T", "SMD", "OSCOUT", "", "R", 55.12, 47.24, 0, 0],
		[486, "X3_4", -98.31, -331.54, "T", "SMD", "GND", "GND", "R", 55.12, 47.24, 0, 0]
	]
}
}